URL,identifier,offering_date
https://realt.co/product/10807-wadsworth-ave-garfield-heights-oh-44125/,0x16bea6810b951b647427983ed14710fd1c6a36e1,"January 18, 2024"
https://realt.co/product/13700-dexter-ave-detroit-mi-48238/,0xaee6ded2c8723c1d81d1b5325a2e620fb055b77b,"October 26, 2023"
https://realt.co/product/1-holdings-tennessee-st-detroit-mi-48215/,0x3e98281a3dc794799159732d5a488e6cea645c37,"April 20, 2023"
https://realt.co/product/6582-bewick-st-detroit-mi-48213/,0x86b4f8135A39DC349A963969F33C3D030726cf61,"February 10, 2023"
https://realt.co/product/1-holdings-s-arcola-st-detroit-mi-48234/,0xe90e02790f5070fb89b15863e2dbc3c22532b43e,"September 28, 2023"
https://realt.co/product/16007-nelacrest-rd-east-cleveland-oh-44112/,0xF13d215776dAC65c9c1E80D8F3daF6D91CC062d5,"March 17, 2022"
https://realt.co/product/9920-bishop-st-detroit-mi-48224/,0xa2b2ae397492C7ed8A4c1e751aC72D2b59947E6b,"April 7, 2021"
https://realt.co/product/8366-schaefer-hwy-detroit-mi-48228/,0x2360FcA74ed948Ff4F962E369080A64A40A1300D,"September 8, 2021"
https://realt.co/product/19136-tracey-st-detroit-mi-48235/,0x33722EA778dF197f1b7B1Cf0b124d7A962181d65,"March 4, 2021"
https://realt.co/product/10639-stratman-st-detroit-mi-48224/,0x4a99cc509f7FaCF58D7B67E99236dB5e0921ef81,"April 12, 2021"
https://realt.co/product/1617-s-avers-ave-chicago-il-60623/,0xF4657AB08681214Bcb1893aa8E9C7613459250ec,"June 11, 2021"
https://realt.co/product/581-587-jefferson-ave-rochester-ny-14611/,0xA29ae272bC89e5f315B2793925f700045F845d82,"November 12, 2020"
https://realt.co/product/1-holdings-montclair-st-detroit-mi-48214/,0xd8b9c3c10ba1d9f926b94b45859b65b2900e49bb,"April 12, 2023"
https://realt.co/product/15095-hartwell-st-detroit-mi-48227/,0x9FEF44FC4C571010BCCD5b63e1Cdc807D3b347bF,"January 18, 2021"
https://realt.co/product/3955-lillibridge-st-detroit-mi-48214/,0x2b86741b2fbb1ddb8e7387965cf22ec656a38dc1,"July 12, 2023"
https://realt.co/product/25097-andover-dr-dearborn-heights-mi-48125/,0xF18CfFB528eca0ea31D1d6b28BC80d2eca34D14D,"May 1, 2020"
https://realt.co/product/1610-e-state-fair-ave-detroit-mi-48203/,0xd88E8873E90f734C9D3e3519e9e87345478c1df2,"April 21, 2022"
https://realt.co/product/9117-manor-st-detroit-mi-48204/,0x30d0e37cd8c87153d56e85bb4a45a0afdb1df4e5,"September 20, 2023"
https://realt.co/product/9151-whittier-ave-detroit-mi-48224/,0x964eE9E5d9d8abFc768F8D860cC6c33E75d37112,"January 27, 2022"
https://realt.co/product/13835-la-salle-blvd-detroit-mi-48238/,0x5d9eB5fc910176B08efA5f8D13812b85fDf3394B,"March 31, 2022"
https://realt.co/product/1-holdings-w-arizona-st-highland-park-mi-48203/,0xeb3b5f86904d671747d8c41e6dbdfa2aadcdf72f,"November 29, 2023"
https://realt.co/product/116-monterey-st-highland-park-mi-48203/,0x46B00B4bF04c2c94aE67576004a3a247B9400ade,"July 20, 2021"
https://realt.co/product/lucero-club-1r4-boquete-chiriqui-panama/,0x1bac3cd502cafe965a26f30fd1512a0800fdb9b7,"January 11, 2024"
https://realt.co/product/1204-e-manhattan-blvd-toledo-oh-43608/,0x83B16B1dcaAeb59caa13b96Da260d8b15671822a,"September 17, 2021"
https://realt.co/product/4025-fairview-st-detroit-mi-48214/,0x4326972a016d707c5c6bc854398aabb6780c62e9,"July 13, 2023"
https://realt.co/product/1521-1523-s-drake-ave-chicago-il-60623/,0x8c1c77c549a3f233fa8f8dea133ff5415d9bae11,"June 1, 2021"
https://realt.co/product/19751-marx-st-highland-park-mi-48203/,0xaC0d5dBfEd881b3ffaeBc7152bC2Bc23464FE0cC,"April 7, 2022"
https://realt.co/product/17157-rowe-st-detroit-mi-48205/,0xd54cc5999d383254334926c06405e5b800ffa1db,"November 17, 2023"
https://realt.co/product/18438-morang-ave-detroit-mi-48205/,0x458b169D6D9D5d021d61013E3A01bF7dee29DD90,"January 13, 2023"
https://realt.co/product/1-holdings-helen-st-detroit-mi-48234/,0x69075fe74ea11c5da9d32af3d8d6971b11b55d88,"November 15, 2023"
https://realt.co/product/15373-parkside-st-detroit-mi-48238/,0x4d0dA4E75d40Bd7D9C4f7A292BF883BcDf38c45D,"February 15, 2021"
https://realt.co/product/18014-north-blvd-maple-heights-oh-44137/,0x6bb5e9cc5fd37cc3f1fcb3f5ebf465a453518501,"January 18, 2024"
https://realt.co/product/16520-ilene-st-detroit-mi-48221/,0x3113bb5E8BF9Dc44EcDB111e5C4ab0818015a2E1,"July 8, 2022"
https://realt.co/product/14263-ohio-st-detroit-mi-48238/,0xD1095B31F41D3BDBb66A52B94a737b2D7Ac17635,"July 20, 2021"
https://realt.co/product/18515-18517-kelly-rd-detroit-mi-48224/,0x940b60023484d593B8391521704abB063b5ccCF0,"October 20, 2022"
https://realt.co/product/19535-fairport-st-detroit-mi-48205/,0x3B22445411B429f665d12F7A55DD16DFac22C6aE,"September 15, 2022"
https://realt.co/product/8060-dreamsicle-dr-kissimmee-fl-34747/,0xb2960e73b260812e4326723c7136e7b1988a036a,"October 6, 2021"
https://realt.co/product/14078-carlisle-st-detroit-mi-48205/,0x315699f1BA88383CFF2F2f30FcaD187aDb2E4D72,"December 4, 2020"
https://realt.co/product/3544-e-133rd-st-cleveland-oh-44120/,0xd46f25e687b6cbdf71a6981b9937baece791decf,"January 25, 2024"
https://realt.co/product/15225-bringard-dr-detroit-mi-48205/,0x617e80813da122f0a25e09a731664b5530b8745c,"November 8, 2023"
https://realt.co/product/3953-fairview-st-detroit-mi-48214/,0xb87798476389475cbc96d63aa801b7d25c50d5f1,"July 12, 2023"
https://realt.co/product/18429-fielding-st-detroit-mi-48219/,0x076c82295af54a4507fa80c73a928c5703b845ee,"December 8, 2023"
https://realt.co/product/15203-park-grove-st-detroit-mi-48205/,0x78A9013B53d2d255935BbC43112d0dd3f475F3D3,"June 23, 2021"
https://realt.co/product/10610-balfour-rd-detroit-mi-48224/,0x2e1db155a7b812f3Fcb0dBC8eD3164b4705213B4,"October 20, 2022"
https://realt.co/product/5837-moran-st-detroit-mi-48211/,0xc2fb83f45c53d2194a9ee82e4bda3ee2120141f5,"August 4, 2023"
https://realt.co/product/8821-prairie-st-detroit-mi-48204/,0x80effd75fa30b8b89997d2522b3283a1e768f1bc,"August 22, 2023"
https://realt.co/product/15003-appoline-st-detroit-mi-48227/,0x99b9150b78968bf6d8a03723931b86caf632395a,"December 7, 2023"
https://realt.co/product/4852-4854-w-cortez-st-chicago-il-60651/,0xe7b6de709ffc3bd237c2f2c800e1002f97a760f3,"June 1, 2021"
https://realt.co/product/16851-16881-greenfield-rd-detroit-mi-48235/,0x960e61F5c4107D71bd8936B010416738c250f91c,"February 24, 2022"
https://realt.co/product/9171-whittier-ave-detroit-mi-48224/,0x18E55343ECFc135E21916fcdb9788acCB5B53cAF,"October 4, 2021"
https://realt.co/product/s-19391-grandview-st-detroit-mi-48219/,0xB80173756781960761AA59c9eEEBE191F049f4C8,"August 25, 2022"
https://realt.co/product/15715-talford-ave-cleveland-oh-44128/,0x24442006539fbf90f394cf162fcc2bc98c91d9a2,"January 25, 2024"
https://realt.co/product/12730-wade-st-detroit-mi-48213/,0x3D2129D9ceed93992CeA3Ee7D8E44754FaEDc922,"October 26, 2021"
https://realt.co/product/4680-buckingham-ave-detroit-mi-48224/,0xeFe82D6baF0dB71f92889eB9d00721bD49121316,"December 4, 2020"
https://realt.co/product/9165-kensington-ave-detroit-mi-48224/,0x3C56D5E887D8fA7AE1Ba65BF7eCCC25eC09EAF18,"June 30, 2020"
https://realt.co/product/10511-whittier-ave-detroit-mi-48224/,0x88F37cEE57B669CC1557D4f353dC11c113873F0B,"January 31, 2023"
https://realt.co/product/11078-wayburn-st-detroit-mi-48224/,0xb8403b7730368942a5BFe5aaC04a31B44015b1cc,"March 22, 2021"
https://realt.co/product/9336-patton-st-detroit-mi-48228/,0x23684569c0636C9aEa246551879d457D0a0E6F58,"August 7, 2019"
https://realt.co/product/8531-intervale-st-detroit-mi-48238/,0x690602Eb0BF5607E3586F1d3e4C4601ef6E4A89F,"September 1, 2021"
https://realt.co/product/10084-grayton-st-detroit-mi-48224/,0x92161385C9dE8798ad5fB01c0bE99fFcbC84dFD8,"June 30, 2020"
https://realt.co/product/20552-waltham-st-detroit-mi-48205/,0x185e39d860cf86fbecf4a7c341bd1545ea3a41b9,"September 1, 2021"
https://realt.co/product/2950-2952-monterey-st-detroit-mi-48206/,0xcD7DC5e034B631331Bc0cFC4EA71d2Dc7b53c338,"September 1, 2021"
https://realt.co/product/1991-ewald-cir-detroit-mi-48238/,0x60139f99ddb56b846b998a655de2d775acd936a1,"October 25, 2023"
https://realt.co/product/1-holdings-mccracken-rd-garfield-heights-oh-44125/,0x09106ba56f708b353fe252dd0749c913a3e8a5e1,"January 18, 2024"
https://realt.co/product/villa-marina-514-playa-venao-los-santos-panama/,0xc38e84bcc2d2693dd77d89f2b86a83e7fe98afa5,"June 29, 2023"
https://realt.co/product/16085-e-seven-mile-detroit-mi-48205/,0xe2FBdeADC82c71C1b8bFf9CA4f9E7666224A362c,"June 15, 2022"
https://realt.co/product/295-e-238th-st-euclid-oh-44123/,0x25042768d3cb2bfb5f8757dd151bb91fad727d46,"January 18, 2024"
https://realt.co/product/14481-hazelridge-st-detroit-mi-48205/,0x40074c412154562fb16441106c95900467e9c173,"June 8, 2023"
https://realt.co/product/3947-fairview-st-detroit-mi-48214/,0x053b0bd329dc21bd4fa278f62310f668c5f1a6ed,"July 13, 2023"
https://realt.co/product/3728-atkinson-st-detroit-mi-48206/,0x2010c480b73fd0865b6d2f164660da852d178d5d,"August 1, 2023"
https://realt.co/product/7913-faith-ln-montgomery-al-36117/,0x5a722eda908e3db61c9a14cce757ce673f5e3a17,"November 17, 2023"
https://realt.co/product/19041-lenore-ave-detroit-mi-48219/,0xAfA816f7fFF6f252E5CdBD40b80d9eF77B7e289B,"May 19, 2022"
https://realt.co/product/10411-10421-cadieux-rd-detroit-mi-48224/,0x07da3cDaE2396aA826387a48Deba5868d7Deb7bc,"March 10, 2022"
https://realt.co/product/1542-s-ridgeway-ave-chicago-il-60623/,0x69D1B42b20f3DED07bEC322253D0140b04Cbb6F5,"May 13, 2021"
https://realt.co/product/12334-lansdowne-street-detroit-mi-48224/,0xEe2f2212a64Ec3f6BC0F7580e10c53CB38B57508,"September 10, 2020"
https://realt.co/product/1-holdings-conner-st-detroit-mi-48215/,0x8236067c1b6dc176ebda95531168e93bbcee25b0,"April 12, 2023"
https://realt.co/product/3344-e-140th-st-cleveland-oh-44120/,0x2e1a7d86e4591ebe5662ce6b5e3601f19a626c22,"February 15, 2022"
https://realt.co/product/5601-s-wood-st-chicago-il-60636/,0xa137D82197Ea4cdfd5f008A91Ba816b8324F59E1,"March 31, 2021"
https://realt.co/product/s-11310-abington-ave-detroit-mi-48227/,0x9Abff92Ddd896F3F7664ec232bb0A5dB027D6724,"August 25, 2022"
https://realt.co/product/10110-cadieux-rd-detroit-mi-48224/,0x19d01c13e6e5a1a990db9821358a591583f63234,"May 12, 2023"
https://realt.co/product/15350-greydale-st-detroit-mi-48223/,0xdA47bD33e8f5d17Bb81b8752784bfb46C1c44B2A,"February 26, 2021"
https://realt.co/product/3280-w-boston-blvd-detroit-mi-48206/,0x12413a603d16893D8F406925289f206b3B974Cf0,"January 20, 2023"
https://realt.co/product/16704-talford-ave-cleveland-oh-44128/,0x9636b0af2bfef88c1de3c35b21c0fa58f5e1a38e,"January 18, 2024"
https://realt.co/product/2476-clements-st-detroit-mi-48238/,0x7505ecf9cef3bc8c34f02bf7547921d2058f3d35,"November 9, 2023"
https://realt.co/product/128-e-weber-st-toledo-oh-43608/,0x5162d60b699A44B9F09B5Fbfd8e6343cDE9d7B22,"September 17, 2021"
https://realt.co/product/15039-ward-ave-detroit-mi-48227-2/,0x7E95b310724334FF74537dc08bfD3377d25E65Ce,"December 4, 2020"
https://realt.co/product/8181-bliss-st-detroit-mi-48234/,0x92d31E19F88597F368825ba16410f263a844527A,"March 12, 2021"
https://realt.co/product/9481-wayburn-st-detroit-mi-48224/,0x1E001730A23c7EBaFF35BC8bc90DA5a9b20804A4,"April 7, 2021"
https://realt.co/product/5942-audubon-rd-detroit-mi-48224/,0x6Db6d540F5614e6BaB7475Af3F430F46a0B083e2,"August 7, 2019"
https://realt.co/product/19268-eureka-st-detroit-mi-48234/,0x062c208073c9b439d1973262CFe0DDD88f38afa8,"January 10, 2022"
https://realt.co/product/13523-glenside-rd-cleveland-oh-44110/,0x377d14927BbC274771daA9fFAb0722935dAfAFFA,"November 3, 2022"
https://realt.co/product/5772-5774-chalmers-st-detroit-mi-48213/,0x394d59797495848934acf61e680c1739a2cd8cfd,"July 13, 2021"
https://realt.co/product/2-holdings-arcola-st-detroit-mi-48234/,0x8e1de7a9fd1b1b2d761a448d63c4429377624843,"October 16, 2023"
https://realt.co/product/1-holdings-kitchener-st-detroit-mi-48215/,0x7804e5ae01bb68e5a07a40b109ece66a66772d5e,"April 20, 2023"
https://realt.co/product/16644-rossini-dr-detroit-mi-48205/,0xd018c66416f3fb6e96f1ad2a758677e1e019e3fb,"May 25, 2023"
https://realt.co/product/12236-sorrento-ave-detroit-mi-48227/,0x988b40198194ea79fd650d1c61db996b7dcd0780,"November 9, 2023"
https://realt.co/product/12091-montrose-st-detroit-mi-48227/,0x01b4ea64e4204b51cbc8463ffc8e6046c9d70371,"May 25, 2023"
https://realt.co/product/5846-crane-st-detroit-mi-48213/,0x062f0732a7daca652c3bd7d8ad51c3a920b25962,"October 12, 2021"
https://realt.co/product/10764-balfour-rd-detroit-mi-48224/,0x9dfaa0b7b69f39632ad514cfaba2997cf5b58360,"June 8, 2023"
https://realt.co/product/14319-rosemary-st-detroit-mi-48213/,0x41599149f1B52035392402F9e311b1edb0C9f699,"December 4, 2020"
https://realt.co/product/7501-stockton-st-detroit-mi-48234/,0xA6231A14bDB99ba817c211558FA8ebB2A74B959a,"January 6, 2023"
https://realt.co/product/11217-greenwich-ave-cleveland-oh-44105/,0x9b091105B9A9EB118F4E0dA06A090D6D95463357,"June 1, 2021"
https://realt.co/product/15084-lesure-st-detroit-mi-48227/,0xae3713ac3717fa539e98618a03e99a68443f5789,"September 20, 2023"
https://realt.co/product/9576-grandmont-ave-detroit-mi-48227/,0x870cb517bede293cde2593ad97c0316dcea9a36b,"November 22, 2023"
https://realt.co/product/10822-whitehill-st-detroit-mi-48224/,0xd0ef2feeef879eb6ceb23a7809f6bb39e13ff0a8,"November 8, 2023"
https://realt.co/product/18776-sunderland-road-detroit-mi-48219/,0xBA07997F594A52DF179620284B52B50A4E66227D,"March 22, 2021"
https://realt.co/product/8106-faith-ct-montgomery-al-36117/,0xc4a58f3746663bc22a0da17846b5f9c6b8ab4876,"June 15, 2023"
https://realt.co/product/3996-lillibridge-st-detroit-mi-48214/,0xf96bcf8a5d9fa5258bcf243feb43500a2174abd6,"July 13, 2023"
https://realt.co/product/625-virginia-st-toledo-oh-43620/,0x2F5BB131614d6C2BE8520E355752576Ad55416B4,"January 20, 2023"
https://realt.co/product/15864-eastburn-st-detroit-mi-48205/,0xca4e38439D5D86554431E15ecEd03B8bcf2abDDd,"July 20, 2021"
https://realt.co/product/4101-mcclellan-ave-detroit-mi-48214/,0x47a544a460ED29D6622A6f6E68De7f873Cc30e67,"March 2, 2023"
https://realt.co/product/2626-2638-wreford-st-detroit-mi-48208/,0xb890b3cc0f2874b15b0dbf6377d39c106ca29fbf,"November 10, 2021"
https://realt.co/product/19962-waltham-st-detroit-mi-48205/,0x9D19B4d771ef67EA1dA64699A388133b44Eb434c,"September 17, 2021"
https://realt.co/product/2661-2663-cortland-st-detroit-mi-48206/,0x5e29f1b62c15658e76671e199a7f16afddc9ad76,"October 28, 2021"
https://realt.co/product/9309-courville-st-detroit-mi-48224/,0x67a83B28F6dd8C07301495eE2C6f83b73FD21092,"July 20, 2020"
https://realt.co/product/14745-plymouth-rd-detroit-mi-48227/,0x9642a2379Bc359c8B10Ead2E06c4A4156Bbb3F57,"November 23, 2022"
https://realt.co/product/3432-harding-street-detroit-mi-48214/,0x400B5716B0c23B6f1f0f2A5fDb038949962B803E,"June 28, 2020"
https://realt.co/product/12641-elmdale-st-detroit-mi-48213/,0x9aFDd1e3EEc7985b9Dcc3dA1ed030498ea031a6C,"March 10, 2023"
https://realt.co/product/20240-rogge-st-detroit-mi-48234/,0x5128828a7a92583ec46cefecb8b4e127ef5f9e2c,"November 17, 2023"
https://realt.co/product/3946-fairview-st-detroit-mi-48214/,0x22c9f21f3be50863997e4e2e4f8f2686be79ec93,"July 21, 2023"
https://realt.co/product/18524-patton-st-detroit-mi-48219/,0x712d9c2b3077111493b8867c218f0d24a8aaf059,"August 22, 2023"
https://realt.co/product/18605-orleans-st-detroit-mi-48203/,0xf14cfe2ab33ee647f9f59ef99e45891c6ad55f2f,"January 4, 2024"
https://realt.co/product/1630-e-state-fair-ave-detroit-mi-48203/,0xe919dF5F4eff1e6e6c6FE7C82471A5e6Ce3437f1,"April 21, 2022"
https://realt.co/product/14918-joy-rd-detroit-mi-48228/,0x63A1849b47eF5913ccc5adb0E2708b11A4Ba6972,"May 4, 2021"
https://realt.co/product/13430-tacoma-st-detroit-mi-48205/,0x7085c30B97F1aF202F8dFec174f1E07D8f8f887D,"October 13, 2022"
https://realt.co/product/1000-florida-ave-akron-oh-44314/,0x1Eb16EC378f0Ce8f81449120629F52ba28961d47,"October 7, 2020"
https://realt.co/product/882-884-pingree-st-detroit-mi-48202/,0xA5c16ae5Fd75f4F079f3E33f0124899Bacf567f9,"July 20, 2021"
https://realt.co/product/738-742-e-87th-pl-chicago-il-60619/,0x38DE2858be53d603B1104f16aA67cf180002465d,"June 1, 2021"
https://realt.co/product/15796-hartwell-st-detroit-mi-48227/,0xB3D3C1bBcEf737204AADb4fA6D90e974bc262197,"December 4, 2020"
https://realt.co/product/13045-wade-st-detroit-mi-48213/,0x5600e25b4f24c63Afa655C3bd96E3C178B654Fa1,"April 14, 2021"
https://realt.co/product/11201-college-st-detroit-mi-48205/,0x5E2a09064B2DCa8c44aaD8A5b69a69Bb1854fE72,"March 12, 2021"
https://realt.co/product/18900-mansfield-st-detroit-mi-48235/,0x9Eb90Ec3FAafC22092C9b91559FdDde538042093,"May 26, 2020"
https://realt.co/product/12409-whitehill-st-detroit-mi-48224/,0x969d42ad7008e6651e1fd52742153f8743225d98,"May 24, 2021"
https://realt.co/product/4526-lillibridge-st-detroit-mi-48214/,0x14b0d23238c5277f8243d2739c005480d8022fe0,"July 18, 2023"
https://realt.co/product/s-11965-lakepointe-st-detroit-mi-48224/,0x304Bee450c2D116696d8B442981e7a300dfdf1CB,"August 5, 2022"
https://realt.co/product/19200-strasburg-st-detroit-mi-48205/,0x211618Fa0934910666f2C2731101F5A3aC013fD8,"April 14, 2021"
https://realt.co/product/1-holdings-rohns-st-detroit-mi-48214/,0x6F0E040d9F02830c6eea5b287AD74369a9E5F1E1,"February 16, 2023"
https://realt.co/product/3522-3526-harding-st-detroit-mi-48214/,0x550a0c95fe1762d9cb553402ccc65bcd71594692,"May 25, 2023"
https://realt.co/product/11653-nottingham-rd-detroit-mi-48224/,0x31820af2d43c08BD82Bd94B08974062482bD98D3,"April 22, 2021"
https://realt.co/product/15019-steel-ave-detroit-mi-48227/,0x11d2b6613cbebb4172ef9507286e47c99e3a4b37,"December 7, 2023"
https://realt.co/product/18983-alcoy-ave-detroit-mi-48205/,0xaD91999F534F4075B00bA4231C018e57bdeBb342,"April 14, 2021"
https://realt.co/product/s-11117-worden-st-detroit-mi-48224/,0xF549B95362e6062999bdfe6c61E75e4547B8116D,"August 25, 2022"
https://realt.co/product/10974-worden-st-detroit-mi-48224/,0x537DC65657eD455d1c17E319FE6F4926d6033f2b,"September 14, 2020"
https://realt.co/product/4315-e-119th-st-cleveland-oh-44105/,0x693eb3a103cf5ecc0bc8790392c6bebd95b0a8b4,"January 25, 2024"
https://realt.co/product/s-10147-somerset-ave-detroit-mi-48224/,0x4B293baA4703c5e7d480498BF3ccd8Dc3D1297Cd,"July 8, 2022"
https://realt.co/product/19311-keystone-st-detroit-mi-48234/,0x8a9F904B4EaD6a97F3aB304d0D2196f5c602c807,"December 4, 2020"
https://realt.co/product/14884-ward-ave-detroit-mi-48227/,0x328249eFca026aE8596E9AFE913C5F8775eF60AE,"July 20, 2021"
https://realt.co/product/3880-fairview-st-detroit-mi-48214/,0x2c12648dfa8d69c441b6b308c7d76661c1e6d1e7,"July 18, 2023"
https://realt.co/product/s-10703-mckinney-st-detroit-mi-48224/,0xa984E4C759bEA433BeF9239736d5f9a9af0e7389,"August 26, 2022"
https://realt.co/product/19400-hickory-st-detroit-mi-48205/,0xBf1a3181167E4979fD121eF247D9aF4Fc884CC46,"October 13, 2022"
https://realt.co/product/19643-rogge-st-detroit-mi-48234/,0x5f51b44cdbdd5dc9aecabc2ed80e2b2a8c002866,"October 2, 2023"
https://realt.co/product/1-holdings-tappan-st-detroit-mi-48234/,0x7231cafcb32d2ad7072b7bee71ca9d4e5ebffafa,"October 3, 2023"
https://realt.co/product/4000-taylor-st-detroit-mi-48204/,0x934e4bed6f85295581697002fadd816b07c03406,"November 10, 2021"
https://realt.co/product/12410-hamburg-st-detroit-mi-48205/,0x6Bd094E39d0B839689e2F900BFDd180b10df62d7,"July 20, 2021"
https://realt.co/product/3406-medbury-st-detroit-mi-48211/,0x9dfd50ac7cb60832bf7b1c7c46204efcbd2cc959,"August 4, 2023"
https://realt.co/product/15240-edmore-dr-detroit-mi-48205/,0x2F3640655D076b45d1fA10da0f6D880329c9d553,"September 22, 2022"
https://realt.co/product/15778-manor-st-detroit-mi-48238/,0xF23B80216a10E6f0c0D3b5AD5C9349e9425cAd40,"December 4, 2020"
https://realt.co/product/s-3510-ewald-circle-detroit-mi-48204/,0x7909090541D646A262a3062639298772a2c79dAA,"August 5, 2022"
https://realt.co/product/19020-rosemont-ave-detroit-mi-48219/,0x280e9ed3B20c580a2f4219657bB9332D80Bc01f1,"March 4, 2021"
https://realt.co/product/15208-bringard-dr-detroit-mi-48205/,0xeF2B6234E376C3b152c5Febe47E1cA3C73cDAA9f,"July 20, 2021"
https://realt.co/product/15440-15444-st-clair-ave-cleveland-oh-44110/,0x306044777e68eC5C323889468baacbA6d2705994,"December 1, 2021"
https://realt.co/product/15777-ardmore-st-detroit-mi-48227/,0xFe17C3C0B6F38cF3bD8bA872bEE7a18Ab16b43fB,"December 4, 2020"
https://realt.co/product/8065-lost-shaker-ln-kissimmee-fl-34747/,0xE447E8EC034c9100c1fF9BC401B5Cd2fe15c9dcC,"September 15, 2022"
https://realt.co/product/13245-monica-st-detroit-mi-48238/,0x052Ad78E3aA0b0F2D3912FD3b50a9a289CF2f7Aa,"December 1, 2021"
https://realt.co/product/13895-saratoga-st-detroit-mi-48205/,0x6F442Da588232DC57Bf0096E8dE48D6961D5CC83,"December 4, 2020"
https://realt.co/product/12130-manor-st-detroit-mi-48204/,0xf6e71d448e612341b21cc537cfbd87290d760926,"November 24, 2023"
https://realt.co/product/11420-montrose-st-detroit-mi-48227/,0xe4c74c3852cb088e49a010fb0b79159859623da2,"May 25, 2023"
https://realt.co/product/13445-tacoma-st-detroit-mi-48205/,0x4c0c0Fe9Ca9aD4Bc748EB8F596DDcfD8707a5cD4,"October 13, 2022"
https://realt.co/product/15894-tacoma-st-detroit-mi-48205/,0x7FACB63aFB928AC5A4650acC6EAB701d7a8Becb5,"September 28, 2022"
https://realt.co/product/s-10163-duprey-st-detroit-mi-48224/,0x4b9C173c81EA2B6804b99ac91846c62bdB74Fe72,"August 5, 2022"
https://realt.co/product/450-kitchener-st-detroit-mi-48215/,0x79a956cf468ee592d6aef9ce06920989654b1ce3,"August 30, 2023"
https://realt.co/product/7430-nett-st-detroit-mi-48213/,0x950bc24510274163aabf83339424e7b49bf6a0c0,"July 13, 2021"
https://realt.co/product/893-895-w-philadelphia-st-detroit-mi-48202/,0xcb061ae1f9b618c44ac10a47a672bf438da01fd8,"June 23, 2021"
https://realt.co/product/5517-5519-elmhurst-detroit-mi-48204/,0x6133a54E3895F478ee6AaE582d7DBC7bBb086b7d,"November 8, 2021"
https://realt.co/product/5278-5280-drexel-st-detroit-mi-48213/,0xcdf955df8a7ae1264f3b4f8ee5fa68507e8528aa,"July 13, 2021"
https://realt.co/product/1-holdings-palmetto-st-detroit-mi-48234/,0xe7e80e20ce71acd578b18c54382567385771cc37,"September 30, 2023"
https://realt.co/product/1354-w-64th-st-chicago-il-60636/,0x1707a9bad232d728afded75faced38ec90eaa41e,"March 10, 2022"
https://realt.co/product/433-kitchener-st-detroit-mi-48215/,0x30107f6f95b946c4ea0eaeb9f7ae436078f971b1,"August 30, 2023"
https://realt.co/product/1220-e-173rd-st-cleveland-oh-44119/,0x15f3197d43600720531bc92d6a55827b82da56bb,"January 25, 2024"
https://realt.co/product/11441-11443-flanders-st-detroit-mi-48205/,0x038eb5001b6a7050fed40816321138e69f8f885b,"January 11, 2024"
https://realt.co/product/22512-mcnichols-rd-detroit-mi-48219/,0x06246100bA403608B98ADfb006D82A7484f5D9ff,"October 27, 2022"
https://realt.co/product/15015-ward-ave-detroit-mi-48227/,0x4d6876bd8d2f44d64b13a83a58cef81860329ef4,"November 9, 2023"
https://realt.co/product/18273-monte-vista-st-detroit-mi-48221/,0x9856C5CA15A4Ac9C65AAC090c38a9f39EB3b5eeC,"January 18, 2021"
https://realt.co/product/12145-kentucky-st-detroit-mi-48204/,0x5d0f382a64acb0fff716bf2f786b9df4dc8dad0c,"August 23, 2023"
https://realt.co/product/20039-bloom-st-detroit-mi-48234/,0x79e18a519d60c2ef7e18aac08d60ba0d4eee2511,"July 20, 2021"
https://realt.co/product/20200-lesure-st-detroit-mi-48235/,0xEeDc2F5F4D1226759B1AcF9EfA23a99661De6663,"February 27, 2020"
https://realt.co/product/10717-10719-bryant-ave-cleveland-oh-44108/,0xBaBC257B4958556Bda696E7705cf535F400d8b09,"December 21, 2022"
https://realt.co/product/2518-glendale-ave-detroit-mi-48238/,0xcb2928d422cc2f349bfb67ee74113a3101a58cb4,"April 27, 2023"
https://realt.co/product/212-n-park-ave-jackson-mi-49201/,0x27DCc5DE7ee468C2da8BF2FD21E60348747223Cc,"February 9, 2022"
https://realt.co/product/16200-fullerton-ave-detroit-mi-48227/,0x021Bb23a45e9FC824260435e670fC383b7b8cbbB,"August 7, 2019"
https://realt.co/product/s-10645-stratman-st-detroit-mi-48224/,0x64d69276CC78aDbb6d5fEa95d3e6370b4844dC76,"August 5, 2022"
https://realt.co/product/15040-harper-ave-detroit-mi-48224/,0x032f0e16b729210551642f3249f6e0b1b52a63be,"March 31, 2023"
https://realt.co/product/1-holdings-strasburg-st-detroit-mi-48205/,0x7d3f9309822a47e41dd4756dbe162580e2546f33,"November 15, 2023"
https://realt.co/product/272-ne-42nd-court-deerfield-beach-fl-33064/,0xce111a198eB04F388AceB78c40ceD6daF1b0514a,"June 10, 2020"
https://realt.co/product/4061-grand-st-detroit-mi-48238/,0xd9e89bFebAe447B42C1Fa85C590716eC8820f737,"December 4, 2020"
https://realt.co/product/9169-boleyn-st-detroit-mi-48224/,0x806690B7a093d2Cf6419a515ABEdb7f28595bc5E,"August 13, 2020"
https://realt.co/product/13116-kilbourne-ave-detroit-mi-48213/,0x08Ad1F3a48Be1D23C723a6cC8486b247F5dE935a,"December 4, 2020"
https://realt.co/product/s-616-e-131st-st-cleveland-oh-44108/,0x19A6a39B746c4647A01a3Bf80751155969DDb15A,"July 8, 2022"
https://realt.co/product/11898-laing-st-detroit-mi-48224/,0xc1c1031e4A44B98707203480029e6576CB3267e3,"July 18, 2022"
https://realt.co/product/80-colser-dr-covington-ga-30016/,0x591882dC0581A69f377dF4CaD2CeE4E9855ef34D,"March 16, 2023"
https://realt.co/product/2-holdings-tappan-st-detroit-mi-48234/,0xdfdc10a5dbb68d36782a0933678dc187ec1c2ea4,"October 12, 2023"
https://realt.co/product/10862-marne-st-detroit-mi-48224/,0xD79e63912dbeB409ea350138503A9eb29d73728F,"December 16, 2022"
https://realt.co/product/19201-westphalia-st-detroit-mi-48205/,0x830B0e9a5ecf36D0A886D21e1C20043cD2d16515,"December 4, 2020"
https://realt.co/product/14409-linnhurst-st-detroit-mi-48205/,0x5B571D103e670848ce8CdE37f93821c9c93c7c43,"June 15, 2022"
https://realt.co/product/1-holdings-harding-st-detroit-mi-48214/,0x717bfbfa88859ac34f9772d92749c4b384c6b479,"April 20, 2023"
https://realt.co/product/15824-cheyenne-st-detroit-mi-48235/,0x4df8c0990e1f02810d6a27c452cd70b39f2e0a2c,"September 15, 2023"
https://realt.co/product/13628-tacoma-st-detroit-mi-48205/,0xe1C4610477da28f6852CeD5666AA6f3CCBd73b02,"October 13, 2022"
https://realt.co/product/15860-steel-ave-detroit-mi-48227/,0x707d18db2f7ffdb79d99dedf8f2110cb8966d7ff,"December 7, 2023"
https://realt.co/product/305-moss-st-highland-park-mi-48203/,0x954f393fF46DA9cFc07A9052D7C669710cf48eD4,"December 22, 2022"
https://realt.co/product/4021-e-outer-dr-detroit-mi-48234/,0xf552ac17a396487f233a696bf52b82bf53080c6d,"September 20, 2023"
https://realt.co/product/324-piper-blvd-detroit-mi-48215/,0x03CBe3DDa83908ad48643D6A1B5b13d11ACAF845,"June 15, 2022"
https://realt.co/product/10048-grayton-st-detroit-mi-48224-2/,0xbfe5ea655166328db63e58c9a683d44b0e769a04,"December 27, 2023"
https://realt.co/product/14916-hubbell-st-detroit-mi-48227/,0x18cc3ce7ed17e47c669982b6c94a0fe2a0b9606e,"September 15, 2023"
https://realt.co/product/1-holdings-french-rd-detroit-mi-48214/,0x60888b47Eb7290EaA8823568FCFFA17Da1A853D9,"April 7, 2023"
https://realt.co/product/18703-gilchrist-st-detroit-mi-48235/,0xc84842aa7578924962e48f39c4ebfb5d52e5dfd8,"January 4, 2024"
https://realt.co/product/12789-birwood-st-detroit-mi-48238/,0x5ff86216bac301010d471e4b0f659a68cca4f0c6,"January 4, 2024"
https://realt.co/product/14881-greenfield-rd-detroit-mi-48227/,0xf3c4c10ab96f9B6d7719De63f4219f69078Df976,"November 3, 2022"
https://realt.co/product/4342-4344-cortland-st-detroit-mi-48204/,0xEe2daCc1E9264cbCb19C46863373fbFf4Ba7a9Bd,"March 21, 2022"
https://realt.co/product/9465-beaconsfield-st-detroit-mi-48224/,0x750FA12Ae51d1515c893C1aaABE2C135937a2c8B,"February 4, 2021"
https://realt.co/product/17335-bradford-st-detroit-mi-48205/,0x14082eef0e5ccc9d2d36cf627c45f07f3b0a54dd,"November 16, 2023"
https://realt.co/product/10003-pinehurst-st-detroit-mi-48204/,0x4471962eeffEC57A33fa4e0793EFEEC07684dFFB,"June 28, 2021"
https://realt.co/product/1-holdings-n-arcola-st-detroit-mi-48234/,0xa6662b6c605afb2cd635b2511efb10a04a08e79b,"October 7, 2023"
https://realt.co/product/19163-mitchell-st-detroit-mi-48234/,0x4Cc53Ee5ef306a95d407321d4B4acc30814C04ee,"December 4, 2020"
https://realt.co/product/10518-woodland-ave-cleveland-oh-44104/,0xbdC1F8ccD117FE4e34f6c78f5293cD126b0C0474,"December 13, 2021"
https://realt.co/product/4421-lillibridge-st-detroit-mi-48214/,0x34a1a58de8ff7ea0a690888d9b8ae646a8480fa4,"July 14, 2023"
https://realt.co/product/18608-18612-detroit-rd-grosse-point-mi-48224/,0xA48Ddf8D4F9b03c63d6340B5E0D2AF293Ab516Ea,"October 20, 2022"
https://realt.co/product/8744-homer-st-detroit-mi-48209/,0x3c5654362fA005393Ad9c793FE0fa74F0Cd95Bbb,"October 27, 2022"
https://realt.co/product/19555-barlow-st-detroit-mi-48205/,0xff4cfb758c8bc84ecc76968e82cb949ba22401d3,"January 4, 2024"
https://realt.co/product/11401-winthrop-st-detroit-mi-48227/,0x5d1cdfb3038f25c331fef652f75b3339ac4c52a1,"November 17, 2023"
https://realt.co/product/15379-patton-st-detroit-mi-48223/,0x81CEA1a7c83d5caeD483Dd4Da59bfE98f24Ef687,"July 20, 2021"
https://realt.co/product/9166-devonshire-rd-detroit-mi-48224/,0xa69D7d4DdF397f3D1E7EbAf108555d1107b3B117,"July 20, 2020"
https://realt.co/product/4437-lillibridge-st-detroit-mi-48214/,0x969e3e55c8a4d9c4cd5e2660a2000ae12aad9e3e,"July 27, 2023"
https://realt.co/product/14622-hubbell-ave-detroit-mi-48227/,0xDcfE90e59B574839E028EC28E78018B84B6FcdAb,"September 22, 2022"
https://realt.co/product/9244-mendota-st-detroit-mi-48204/,0x80d2956433a1622c336480ba5357350a30644c0a,"August 24, 2023"
https://realt.co/product/13000-promenade-st-detroit-mi-48213/,0xbd42a15a05d51158ca3c46cfd26fb19476f91ce6,"September 1, 2023"
https://realt.co/product/14839-wisconsin-st-detroit-mi-48238/,0x10C2c7a5342988818eb6726faE369299d8FB6328,"July 20, 2021"
https://realt.co/product/10604-somerset-ave-detroit-mi-48224/,0x8626B38267e4FC0D8C92E0bB86F97Acab3f6AA05,"October 28, 2020"
https://realt.co/product/15611-e-seven-mile-rd-detroit-mi-48205/,0x2F4974a3BE7355CF8915aB34099F35ed44293128,"October 20, 2022"
https://realt.co/product/5250-philip-ave-maple-heights-oh-44137/,0x347892d4cd347d546ec6ba9f70e77a7c03257e66,"January 18, 2024"
https://realt.co/product/17809-charest-st-detroit-mi-48212/,0x31AA5fA895Fd186fDE12347A6fCaf540875b6434,"March 22, 2021"
https://realt.co/product/4252-e-163rd-st-cleveland-oh-44128/,0x41117a12a97268906623e241590a1bbe6608275e,"January 25, 2024"
https://realt.co/product/16728-16730-woodingham-dr-detroit-mi-48221/,0xc7697f5e86a102eaf4000719a2dc477d65beea7d,"December 11, 2023"
https://realt.co/product/8056-e-hollywood-st-detroit-mi-48234/,0x7Ad92301442b73BED8d9696d704Ac24a0fEF3B69,"September 15, 2022"
https://realt.co/product/s-17204-bradford-ave-detroit-mi-48205/,0x0fd357eA71AD533c6b8A62520321Ed286Ed9a0C2,"August 25, 2022"
https://realt.co/product/20418-andover-st-detroit-mi-48203/,0xC363eA8a468B3970Ef93140D5D4ad9D124178F6e,"August 3, 2021"
https://realt.co/product/9415-9417-ravenswood-st-detroit-mi-48204/,0x65d81BF81a65b177012B323F14970071c5099226,"April 28, 2022"
https://realt.co/product/11957-olga-st-detroit-mi-48213/,0xDd833D0eEF6d5d7Cec781b03c19f3B425F3039Df,"June 4, 2021"
https://realt.co/product/14329-strathmoor-st-detroit-mi-48227/,0xe5B46b4c5c7F974e55DeD0b0099c02774f0023c1,"September 15, 2022"
https://realt.co/product/12050-bryden-st-detroit-mi-48204/,0x1d9Fd5c3FbFd4758F22438a336068b813872cEfC,"January 26, 2023"
https://realt.co/product/402-s-kostner-ave-chicago-il-60624/,0xE255cAF8893382465368b8e1cd4Ef8436ACf0ADE,"May 4, 2021"
https://realt.co/product/19003-19005-moross-rd-detroit-mi-48224/,0x5cc180bf9091a2284624567ee3c5a2a465656301,"April 27, 2023"
https://realt.co/product/601-milton-st-toledo-oh-43605/,0x2B683F8cC61dE593F089bdDDc01431c0D7CA2EE2,"September 17, 2021"
https://realt.co/product/10099-greensboro-st-detroit-mi-48224/,0x9Ea9b45a500dd4346163Ce7483dEA2294ae88d1D,"September 28, 2022"
https://realt.co/product/4628-lillibridge-st-detroit-mi-48214/,0x7318c373695f8f3c8987a158d41d65eed4badb25,"July 26, 2023"
https://realt.co/product/9943-marlowe-st-detroit-mi-48227/,0x57eaDD2A542cFE9F00A37F55dF4D5062f857C0E8,Not found
https://realt.co/product/9201-longacre-st-detroit-mi-48228/,0x1106d8755FFaFb1f1820b3668e354336d9085A12,"September 29, 2022"
https://realt.co/product/14903-promenade-st-detroit-mi-48213/,0xb0bd62447ec79ae63407f34d27cb7e536c28179e,"November 8, 2023"
https://realt.co/product/4340-east-71-cleveland-oh-44105/,0xA68b7779504b0AE372ddCC109f8786DB9B91e93e,"October 20, 2020"
https://realt.co/product/338-willard-st-toledo-oh-43605/,0x4505F5bFF6bAdA5a20b1A008c6Db3CD9545027a4,"September 17, 2021"
https://realt.co/product/19731-shields-st-detroit-mi-48234/,0xab269dcd4a424cb8fa9432adc37d021c3d183578,"November 10, 2023"
https://realt.co/product/11830-camden-ave-detroit-mi-48213/,0xA12a334F563c1a9fef29cF11fAc7E148fd54463b,"November 14, 2022"
https://realt.co/product/13606-winthrop-st-detroit-mi-48227/,0x804f6baa10615c85e4b4a5bc4efe516d9f7a4365,"May 24, 2021"
https://realt.co/product/18613-anglin-st-detroit-mi-48234/,0x53279e01efda8c67404ce98462b831611d5dcca2,"August 23, 2023"
https://realt.co/product/16810-bringard-dr-detroit-mi-48205/,0xA14d2507a2b96Adc13CB19642802FD4EaF9a8a32,"September 28, 2022"
https://realt.co/product/10621-vernon-ave-garfield-heights-oh-44125/,0xf87749b95a5179f36ce75b52c7d3d5a6dd28fe19,"January 25, 2024"
https://realt.co/product/14229-wilshire-drive-detroit-mi-48213/,0xb09850e2B93aa3AAa1476bF0c007cfc960E2de79,"March 22, 2021"
https://realt.co/product/12318-imperial-ave-cleveland-oh-44120/,0x06cc12368fA6A3D4dc0872C60331156a21cDcc9C,"October 27, 2022"
https://realt.co/product/11300-roxbury-st-detroit-mi-48224/,0x9b5B4886033B4ABc5Eb0552ffF7c15A67C3c47C7,"April 7, 2021"
https://realt.co/product/18276-appoline-st-detroit-mi-48235/,0x21f1aF3e751317a2F7De7Df31D5d092E6A907Bde,"May 8, 2020"
https://realt.co/product/618-e-79th-st-chicago-il-60619/,0xdaF6b273691372E4EB2Fe353624F8F4f768C2099,"August 17, 2022"
https://realt.co/product/9950-beaconsfield-st-detroit-mi-48224/,0xce0ef526bdc57064fe556a9b2614eeb66608892f,"November 15, 2023"
https://realt.co/product/2703-2705-w-grand-st-detroit-mi-48238/,0x994C698175e5dBe405a46dF94FBD54999A3676c2,"April 28, 2022"
https://realt.co/product/1-holdings-monterey-st-detroit-mi-48206/,0xa3947ea22a8200b217885a7e9c9bcbf704349509,"November 29, 2023"
https://realt.co/product/18466-fielding-st-detroit-mi-48219/,0x9A99f283e1F6c3b7F24901995624Ef7b78E94471,"January 18, 2021"
https://realt.co/product/s-9585-abington-ave-detroit-mi-48227/,0x219c820c2d25D8937601D8713235B556C4A37f62,"August 25, 2022"
https://realt.co/product/17500-evergreen-rd-detroit-mi-48219/,0x1FdB4015fD5E031C5641752C1e03B973ad5eA168,"April 22, 2021"
https://realt.co/product/20013-revere-st-detroit-mi-48234/,0xd590ab93067c473fb0647e7a8271979447519db0,"January 4, 2024"
https://realt.co/product/8017-8019-s-paulina-st-chicago-il-60620/,0x8c60eCcAB34FfCe7b54E985FC8B7BA280b45701d,"November 11, 2021"
https://realt.co/product/11125-craft-st-detroit-mi-48224/,0x7ca0118b50432d0a5c69f854ff017b6f22a10f88,"November 22, 2023"
https://realt.co/product/10993-worden-st-detroit-mi48224/,0x140d6cfde793f1a2eed5274454aa6f463ec8c075,"August 16, 2023"
https://realt.co/product/16049-16081-e-seven-mile-detroit-mi-48205/,0x1cc42015d1e4c97d8739d8fe663c47f0a49e9a38,"June 23, 2023"
https://realt.co/product/4638-blythin-rd-garfield-heights-oh-44125/,0x676af6cbfd595fe9a3c392e551082def6e6bb397,"January 25, 2024"
https://realt.co/product/10616-mckinney-st-detroit-mi-48224/,0xE5Ce63AC9a08c1EB160889151cD84855F16C94d2,"August 13, 2020"
https://realt.co/product/1-holdings-belvidere-st-detroit-mi-48214/,0x016E0081FcAad345691027908D5044534BcA1946,"February 23, 2023"
https://realt.co/product/18527-18529-kelly-rd-detroit-mi-48224/,0xd84D9C58a93e3d4b0acc5Ab5a5aA5E2Fa6B7ab75,"October 20, 2022"
https://realt.co/product/10617-hathaway-ave-cleveland-oh-44108/,0x06D0e5Aee443093aC5635B709C8a01342E59Df19,"February 11, 2021"
https://realt.co/product/18662-blackmoor-st-detroit-mi-48234/,0xf070fbec84004ff48ca17bd6523f4d4448cd656f,"November 24, 2023"
https://realt.co/product/s-9624-abington-ave-detroit-mi-48227/,0xf98Be7dDAB511622b5dE91039C48f1f2E37D0Bc1,"August 25, 2022"
https://realt.co/product/3888-fairview-st-detroit-mi-48214/,0x3f8ecb2d158cde11587270ab3f9744e0f3108354,"July 18, 2023"
https://realt.co/product/16012-maddelein-st-detroit-mi-48205/,0x16b18b9836fd01f1413b1bca28935ac00a1f43ce,"August 22, 2023"
https://realt.co/product/14825-wilfred-st-detroit-mi-48213/,0x43fED9F9BF7DeedCb314b432a8e38219dd62CE9e,"March 22, 2021"
https://realt.co/product/19530-hickory-st-detroit-mi-48205/,0x10cDE9d1E1a2d3B703f037a6788e04bc139CdF6f,"October 13, 2022"
https://realt.co/product/15860-hartwell-st-detroit-mi-48227/,0xA9F30C907321718e655B74463CA665B690B78894,"March 12, 2021"
https://realt.co/product/s-9200-harvard-rd-detroit-mi-48224/,0x53ceBce6BD24f8e14da85bA0627A92336Bd4F515,"August 25, 2022"
https://realt.co/product/20521-hull-st-detroit-mi-48203/,0x1d315b60ede11012ff8c980acd7cad65ac7ebdee,"January 4, 2024"
https://realt.co/product/3015-northwestern-st-detroit-mi-48206/,0x6607908da701d27f206b360fa46d5b00ceeb4b40,"November 24, 2023"
https://realt.co/product/17326-albion-st-detroit-mi-48234/,0x883646e436238811d2ebc309891779dbacb0e917,"September 20, 2023"
https://realt.co/product/19750-marx-st-highland-park-mi-48203/,0x5D0436F003AEF56990194f79A242Bc185843aEa5,"March 23, 2022"
https://realt.co/product/13885-bringard-dr-detroit-mi-48205/,0xb10a25660abeb2b9d5a9abd8044687b648e7f1d0,"January 4, 2024"
https://realt.co/product/19144-riopelle-st-highland-park-mi-48203/,0xe23a5fc3502976de653cb64e5c27dc01d700db36,"October 12, 2021"
https://realt.co/product/1760-elkins-dr-st-louis-mo-63136/,0xc9eb6e26bb3d773eb085827f62a162f570af92a7,"January 11, 2024"
https://realt.co/product/12580-maiden-st-detroit-mi-48213/,0x59dE64861dDF9309bE2d03d647d21C7a7609e384,"December 29, 2022"
https://realt.co/product/9133-devonshire-rd-detroit-mi-48224/,0x76dbEb740ecd1F3b052a9AFA302ABc7EB4Fb5390,"October 28, 2020"
https://realt.co/product/19333-moenart-st-detroit-mi-48234/,0x24293ab20159cfc0f3D7C8727CD827fbA63d4F64,"March 12, 2021"
https://realt.co/product/10435-10445-cadieux-rd-detroit-mi-48224/,0x0d5d0B74c690170a82Bf52E5d16388fC4Fa29082,"January 27, 2022"
https://realt.co/product/19596-goulburn-ave-detroit-mi-48205/,0x3150f0EbC0eFEe280b5348b9C8C271AD44Eb8B13,"December 4, 2020"
https://realt.co/product/16051-e-state-fair-st-detroit-mi-48205/,0x0e6a3fa67194ae6594edbe96153e28eefd2982f0,"November 8, 2023"
https://realt.co/product/11078-longview-st-detroit-mi-48213/,0xD5Fc0C4C4C5ff316e1E91494d963Ff1D52Ba25fF,"May 19, 2021"
https://realt.co/product/1-holdings-kinafremoha-st-detroit-mi-48215/,0x5c001ccc6340421590a200a328b1d7fc7d454964,"May 5, 2023"
https://realt.co/product/s-22233-lyndon-st-detroit-mi-48223/,0x034eCb6dc0608B73765f2965771A003D940eE8b2,"August 25, 2022"
https://realt.co/product/1815-s-avers-ave-chicago-il-60623/,0x8fcB39A25e639C8fbD28E8a018227D6570E02352,"June 1, 2021"
https://realt.co/product/9717-everts-st-detroit-mi-48224/,0x73BdE888664DF8DDfD156B52e6999EEaBAB57C94,"December 4, 2020"
https://realt.co/product/15753-hartwell-st-detroit-mi-48227/,0x8D1090dF790FFAFdACCda03015c05dF3b4cC9c21,"April 22, 2021"
https://realt.co/product/14882-troester-st-detroit-mi-48205/,0xff1B4D71Ae12538d86777A954b136cF723fCcEFD,"March 22, 2021"
https://realt.co/product/5760-lakepointe-st-detroit-mi-48224/,0x43ab521302fF36039BE6b425DDAeA5Ec30a0f8b5,"September 28, 2022"
https://realt.co/product/2318-2324-w-marquette-rd-chicago-il-60636/,0xF5aeAB9D9c707b56311066e5172239686AB88110,"June 1, 2021"
https://realt.co/product/18433-faust-ave-detroit-mi-48219/,0x46F8A600337dec5CaB03aa9b8F67f1D5B788ce28,"September 23, 2020"
https://realt.co/product/1890-marloes-ave-east-cleveland-oh-44112/,0x7524d382373c1a091789978A8b2C1DC707D2B213,"February 14, 2023"
https://realt.co/product/1-holdings-milton-st-detroit-mi-48234/,0x5a7715cf01a08ff1903a240c339fe5e884c01dcf,"October 5, 2023"
https://realt.co/product/3588-oakman-blvd-detroit-mi-48204/,0x87b2fB660f790b936e42093036E0b519F0b50b24,"December 8, 2022"
https://realt.co/product/10629-mckinney-st-detroit-mi-48224/,0xD5d1adf54Fbf73a00b197DdCfDAD7cc27D93002f,"April 7, 2021"
https://realt.co/product/1769-cheryl-ave-griffin-ga-30224/,0x19f824662ba9df78e368022f085b708fccc201c8,"September 21, 2023"
https://realt.co/product/7519-7521-wykes-st-detroit-mi-48210/,0xc8ED28cE508811216030B96e2Dc70883abAd5408,"April 28, 2022"
https://realt.co/product/19539-hickory-st-detroit-mi-48205/,0xEA91A67A23943984Bc8017E20C9FD2E40fD38C3D,"October 13, 2022"
https://realt.co/product/13114-glenfield-ave-detroit-mi-48213/,0x9F923653A19537b5a1b003854A1920fe67a8ffEB,"December 4, 2020"
https://realt.co/product/19000-fenton-st-detroit-mi-48219/,0xf7412e264FA85AE5e79ac3A4B64cE4669E32B98f,"May 10, 2022"
https://realt.co/product/10924-balfour-rd-detroit-mi-48224/,0xc49297c99f880f5f19df4ac988eba4df03ef6333,"June 8, 2023"
https://realt.co/product/11701-morang-ave-detroit-mi-48224/,0xEDcDDC374C78BB8596352a28faf1EBa9874aa2e1,"November 23, 2022"
https://realt.co/product/19335-rutherford-st-detroit-mi-48235/,0x478a4a6b4b864b0e633d15c73573877b0154e286,"January 4, 2024"
https://realt.co/product/15634-liberal-st-detroit-mi-48205/,0xa81F77E8988b28fB74243B907acE3c83353Dc80a,"May 8, 2020"
https://realt.co/product/7337-s-yale-ave-chicago-il-60621/,0x20170890ef210E402578F97D6B179784C45F3a1b,"November 24, 2021"
https://realt.co/product/12405-santa-rosa-dr-detroit-mi-48204/,0x9D918eE39a356bE8eF99734599c7e70160dB4Db6,"June 4, 2021"
https://realt.co/product/1389-bird-ave-birmingham-mi-48009/,0x2fB7eeEecE8498AF2bF5b00Ea29CA03005C35956,"January 10, 2022"
https://realt.co/product/16767-greenfield-rd-detroit-mi-48235/,0xa6004Ca1faB428152f27135355F21D6BcDF355Bd,"January 10, 2022"
https://realt.co/product/19218-houghton-st-detroit-mi-48219/,0xC731EcA970979Cd2Da2a1094A808F49894070D35,"February 10, 2021"
https://realt.co/product/3747-scovel-pl-detroit-mi-48208/,0xCfe61Eff2CDE5C5885bA3A649AB092F56BD2830F,"January 10, 2022"
https://realt.co/product/4407-mcclellan-detroit-mi-48214/,0x820629dB01bB56A62Bc75aEeF6EB8dfb0Eec1d04,"March 2, 2023"
https://realt.co/product/11380-pinehurst-st-detroit-mi-48204/,0xb061e8da0b08c8647516921af6a49b81d425f09f,"August 24, 2023"
https://realt.co/product/3851-mcclellan-ave-detroit-mi-48214/,0xb5fb9e224A5Cc76E61928eA7985d251520a5579c,"March 2, 2023"
https://realt.co/product/8034-faith-ln-montgomery-al-36117/,0x90d280b6456f8233e115e6aabb2ca89249dafd39,"August 25, 2023"
https://realt.co/product/1-holdings-navahoe-st-detroit-mi-48215/,0xd63265bbe136deff4f26e5976d21840c25df5e7a,"April 20, 2023"
https://realt.co/product/17310-bentler-st-detroit-mi-48219/,0xcc21b161171b181aa9cd7226a2c484175afd1fed,"September 1, 2023"
https://realt.co/product/425-steward-ave-jackson-mi-49201/,0x8a25F83819FdA66ff0fC6567c8327A5F154c2ec6,"December 13, 2021"
https://realt.co/product/9164-longridge-st-louis-mo-63137/,0xeffc3018fe9da6ca48f384d512da972217c596c3,"January 11, 2024"
https://realt.co/product/1-holdings-holcomb-st-detroit-mi-48214/,0xB7c1C306bFf953dF8997cC8D91949B7AFf36772b,"February 10, 2023"
https://realt.co/product/4239-alter-rd-detroit-mi-48215/,0x3AC16e7177a55D5fd8F8aB58263D1c764D462fDE,"January 13, 2023"
https://realt.co/product/14606-kentucky-st-detroit-mi-48238/,0x02b5d51e29fa35c9228cfa3ff968da6aaf1048dd,"May 5, 2023"
https://realt.co/product/13041-hayes-st-detroit-mi-48205/,0xc7785A2575606d444CefbC8A22591600Ae5aa9b4,"September 17, 2021"
https://realt.co/product/10040-cadieux-rd-detroit-mi-48224/,0xF793d1ba72E2914525205cA592DEC2142E700CB4,"September 5, 2022"
https://realt.co/product/2550-greenway-st-toledo-oh-43607/,0xaFD76591d02462cCE1AA5b6c6430854AA9a17E56,"August 25, 2021"
https://realt.co/product/18980-fenton-st-detroit-mi-48219/,0x3839Ab8550a64940964E0ECb02ED301005A96FfC,"May 5, 2022"
https://realt.co/product/20160-conant-st-detroit-mi-48234/,0x529ff4d9b07acd6366d0c3eb077ebaa2b06e71c4,"October 28, 2021"
https://realt.co/product/15841-coram-st-detroit-mi-48205/,0x8c3761C5d489eE5a5C30f874b5220C769a7C5a16,"July 20, 2021"
https://realt.co/product/s-9795-9797-chenlot-detroit-mi-48204/,0xef0c14c5d7da4d0447c28da7a9c8145d0a5a6f61,"June 2, 2022"
https://realt.co/product/10410-cadieux-rd-detroit-mi-48224/,0x4637aa1a13aa4050c6e4bcd6dde9c39e80e9dd54,"May 18, 2023"
https://realt.co/product/12747-12749-nashville-st-detroit-mi-48205/,0xa8aB830BfD0d91Bc017cdEc98a2a198B9938ea8d,"August 18, 2021"
https://realt.co/product/14511-houston-whittier-st-detroit-mi-48205/,0xa3bb6EA63C0fBf259E16ffe0586d84b2C83d7229,"October 6, 2022"
https://realt.co/product/22-lamar-dr-jennings-mo-63136/,0xef72555b093563ca00fb3493a165787f19e8dbb6,"January 11, 2024"
https://realt.co/product/11750-morang-ave-detroit-mi-48224/,0xCCCA5323052435Aa4b0eC94c1d0255f17E4f495C,"November 24, 2021"
https://realt.co/product/s-11217-beaconsfield-st-detroit-mi-48224/,0xCAf963cD253CF81664ecBCAd71D043C47edF77FB,"August 25, 2022"
https://realt.co/product/18668-st-louis-st-detroit-mi-48234/,0x945d833927380e25f402350667c6cd2d2615e7c2,"October 12, 2021"
https://realt.co/product/15800-tacoma-st-detroit-mi-48205/,0x423cc18b75c8a2331b2abb14d8bad8db84635870,"November 16, 2023"
https://realt.co/product/1612-denver-ave-toledo-oh-43605/,0xdE9122799c313d5cc5C4385984156AD068CdE331,"September 17, 2021"
https://realt.co/product/857-e-222nd-st-euclid-oh-44123/,0x1117ee7306c82190109869a1721021b96d6a249d,"January 18, 2024"
https://realt.co/product/14494-chelsea-ave-detroit-mi-48213/,0x2adc1cfA726A45264A328D9d2e2C692ceac97458,"April 14, 2021"
https://realt.co/product/14231-strathmoor-st-detroit-mi-48227/,0x9528a7402C0Fe85B817aa6E106EAFa03A02924c4,"February 17, 2021"
https://realt.co/product/5733-neely-ln-montgomery-al-36116/,0x70724f4332d7ee1918f71236c1746cdda732d90a,"October 19, 2023"
https://realt.co/product/19317-gable-st-detroit-mi-48234/,0x34eD9e71449529E034d0326cfBB3b5ccDCa00CBC,"December 4, 2020"
https://realt.co/product/18286-oakfield-ave-detroit-mi-48235/,0xf9a932df2010bd3d0e0f47bc61b7104ab82874da,"March 31, 2023"
https://realt.co/product/19154-sherwood-st-detroit-mi-48234/,0x1d5dA20522b1b94E3B7d983c954075Da429BBaE1,"July 20, 2020"
https://realt.co/product/13595-griggs-st-detroit-mi-48238/,0xec72022809156fb57564c8c3412e62dbc46298c3,"November 8, 2023"
https://realt.co/product/12866-lauder-st-detroit-mi-48227/,0xb5DD2b6E0A0422e069E1D2CC3Ed16533488a05e3,"March 9, 2021"
https://realt.co/product/18613-oakfield-ave-detroit-mi-48235/,0x20c1216e14cb307a0987eaeae4b7c7f3888ad538,"April 27, 2023"
https://realt.co/product/13370-wilshire-dr-detroit-mi-48213/,0x5b690b010944bDfA8B26116967FE3fB3c38cFAaC,"June 4, 2021"
https://realt.co/product/15011-monte-vista-st-detroit-mi-48238/,0x5767851017f7849f6cd3b4b76bd58b727293116e,"January 4, 2024"
https://realt.co/product/10700-whittier-ave-detroit-mi-48224/,0xe82CBb7C29d00a4296EE505d12a473C26cd9c423,"April 28, 2021"
https://realt.co/product/s-1418-w-marquette-rd-chicago-il-60636/,0xFc5073816Fe9671859EF1e6936EFd23BB7814274,"September 1, 2022"
https://realt.co/product/15048-freeland-st-detroit-mi-48227/,0xe3902E329Ef2D3FD7666022C139d75BCc984b7a5,"June 6, 2020"
https://realt.co/product/9131-quincy-st-detroit-mi-48204/,0x67f685a20fb55ac5e7d128d66a13bdbe77599136,"May 25, 2023"
https://realt.co/product/10059-britain-st-detroit-mi-48224/,0x0c84153FDcAfd65a4536c2d8d4856E6a6457fB21,"January 20, 2023"
https://realt.co/product/10021-grayton-st-detroit-mi-48224/,0x0954682ff1b512d3927d06c591942f50917e16a0,"June 23, 2021"
https://realt.co/product/3784-seneca-st-detroit-mi-48214/,0xA9e20a86d66493FD146abb9A1f946864773Ce0ae,"February 23, 2023"
https://realt.co/product/17813-bradford-st-detroit-mi-48205/,0x499A6c19F5537dd6005E2B5c6E1263103f558Ba4,"December 4, 2020"
https://realt.co/product/18933-fairport-st-detroit-mi-48205/,0xfb260178c2c0e5f920adea3dcc906bee4fea8a27,"September 15, 2023"
https://realt.co/product/10030-cadieux-rd-detroit-mi-48224/,0xdf7a80778a8be812e654291ffab21d61e9c21323,"February 15, 2022"
https://realt.co/product/14102-marlowe-st-detroit-mi-48227/,0x6c76cB9Ff41B40F75Fe8424268370A6c58f8468a,"April 2, 2023"
https://realt.co/product/19996-joann-ave-detroit-mi-48205/,0x311FC485f1FeA0c8Cc9b5c783E79f4313DDFa720,"May 21, 2021"
https://realt.co/product/3965-fairview-st-detroit-mi-48214/,0x8f0ef86efe4f2eba5f7a7bf4d0f3b6bc5681a7a7,"July 12, 2023"
https://realt.co/product/9135-yorkshire-rd-detroit-mi-48224/,0x744Ca59499BE33F6A112Eed3ACCA533954dA1050,"November 9, 2021"
https://realt.co/product/3310-3312-sturtevant-st-detroit-mi-48206/,0x2089b1b815A2FD0187a48a1C66C511DA828a8128,"May 20, 2022"
https://realt.co/product/18415-fielding-st-detroit-mi-48219/,0xc25d2de29428d0f5869b6b951e0f9fa19c414156,"November 24, 2023"
https://realt.co/product/s-14117-manning-st-detroit-mi-48205/,0x7DFeee178FC1F929A88ad69E4e8D493600dD26D0,"August 25, 2022"
https://realt.co/product/10756-balfour-rd-detroit-mi-48224/,0xdd79587c22d7b2a68c0aa0752a6f83b1d77556cd,"June 8, 2023"
https://realt.co/product/6923-greenview-ave-detroit-mi-48228/,0xD08d2b199E9E5df407427d4085877d1fDFf3b1d6,"October 1, 2020"
https://realt.co/product/3742-3746-whitney-st-detroit-mi-48206/,0xa918027e8e41152ca3420e78a09000ab40adb99b,"December 20, 2023"
https://realt.co/product/15930-monica-st-detroit-mi-48238/,0x92ea0f03b611e7e6d056371a3c6b2bb188199c47,"April 27, 2023"
https://realt.co/product/7109-7111-pilgrim-st-detroit-mi-48238/,0x26ccc79ceeec918e01bbd5c04a64767919f9ec1a,"July 13, 2021"
https://realt.co/product/15770-prest-st-detroit-mi-48227/,0x175cbD54d38F58B530785e01471a2Ec0D4596EB5,"January 14, 2021"
https://realt.co/product/14872-ilene-st-detroit-mi-48238/,0xf580651ba2090fd8ba5a6bdc999f46dc6532f894,"December 8, 2023"
https://realt.co/product/15784-monte-vista-st-detroit-mi-48238/,0x7f940B5509a22e81D29167581bdEea3Fa5a0abEE,"December 4, 2020"
https://realt.co/product/3323-waverly-st-detroit-mi-48238/,0x009bAB289f104699AE87e576294D18eD505FAa61,"December 20, 2021"
https://realt.co/product/10612-somerset-ave-detroit-mi-48224/,0xD1c15CEbfDcd16F00D91666bf64C8b66CbF5e9b5,"July 20, 2020"
https://realt.co/product/8809-beckman-ave-cleveland-oh-44104/,0x2A7C9f7719367006E9Bd20d0555025eFB86d7d5D,"October 27, 2022"
https://realt.co/product/20257-monica-st-detroit-mi-48221/,0x6f5258fEB5862b661829315841b0718D6e56CA2c,"July 18, 2022"
https://realt.co/product/8003-s-ingleside-ave-chicago-il-60619/,0x27C30545DC2BA4B3BfdCb9F807A0214F4b06f034,"September 22, 2022"
https://realt.co/product/11758-christy-st-detroit-mi-48205/,0xD3f7130940c7746298D9778F79e7BBA4C552f176,"July 20, 2021"
https://realt.co/product/12779-strathmoor-st-detroit-mi-48227/,0x96510c0bafc5b3305d2b468063f7b3f8e8389802,"October 12, 2021"
https://realt.co/product/11845-camden-ave-detroit-mi-48213/,0xD67ba795ca466A85bE46b13763adCb729BE49A82,"November 14, 2022"
https://realt.co/product/1115-s-troy-st-chicago-il-60612/,0x730fBB27b650a2A3bcaA6729E635Dc255ACeE343,"March 4, 2021"
https://realt.co/product/4380-beaconsfield-st-detroit-mi-48224/,0x96700Ffae33c651bC329c3f3fbFE56e1f291f117,"December 4, 2020"
https://realt.co/product/4444-lillibridge-st-detroit-mi-48214/,0x3c20f694df207edd49408cf722898bc9002287b9,"July 12, 2023"
https://realt.co/product/s-14439-longview-st-detroit-mi-48213/,0xbb32dE53a057F29280aD889A92Fe99D69D470ef0,"August 25, 2022"
https://realt.co/product/11924-wayburn-st-detroit-mi-48224/,0x72f1d0719d8ce0b03d35def98e5dbb17854ab285,"August 16, 2023"
https://realt.co/product/17616-beland-st-detroit-mi-48234/,0x24A2558d0B0b2247A64eab7cf09d7244CB4c9597,"August 25, 2021"
https://realt.co/product/14215-hampshire-st-detroit-mi-48213/,0x0C12f2b2c3aD5150D344b6D3ABB901b4795D72d9,"July 20, 2021"
https://realt.co/product/14260-roselawn-st-detroit-mi-48238/,0x3fe8dda02a469043c36a45ca74d624d9362ec2fc,"September 15, 2023"
https://realt.co/product/4456-fairview-st-detroit-mi-48214/,0x56aa13dd3b1e3f6ec9281b36ce2fe943a217ceb4,"July 11, 2023"
https://realt.co/product/13510-dale-st-detroit-mi-48223/,0xd1bf0f64eba2f8babfdf71de3e5cc9e33f97a46a,"November 9, 2023"
https://realt.co/product/8342-schaefer-highway-detroit-mi-48228/,0x741857c07b100c9C0C1272D95845dDdc4f1b67cB,"April 8, 2020"
https://realt.co/product/18481-westphalia-st-detroit-mi-48205/,0x75f06B482adbFb04b877D8ee683E2FCDf18AD153,"December 4, 2020"
https://realt.co/product/14066-santa-rosa-dr-detroit-mi-48238/,0xe887DC4fcb5240c0c080AEAb8870421d3ebd0B28,"June 11, 2021"
https://realt.co/product/2-holdings-milton-st-detroit-mi-48234/,0x632fac8692861960b0d928cf6e91ff703ef5c9f5,"October 10, 2023"
https://realt.co/product/14432-wilshire-dr-detroit-mi-48213/,0x23BB1314b73AaAa888800B177Ad5D9719a51195b,"August 3, 2021"
https://realt.co/product/13991-warwick-st-detroit-mi-48223/,0x4E98493920b16Dd6642e9D48497c8d0A49150f6F,"October 1, 2020"
https://realt.co/product/19191-bradford-ave-detroit-mi-48205/,0x584967356bad1499c10a8695522983F2fB7d88F3,"July 8, 2021"
https://realt.co/product/2911-sturtevant-st-detroit-mi-48206/,0x7A684f6d9a34175d642EEdB31FA545604d8d3aCF,"June 15, 2022"
https://realt.co/product/1244-s-avers-chicago-il-60623/,0x94Fa7F8cb8453AD57cd133363b3012044647078C,"January 7, 2021"
https://realt.co/product/1907-ottawa-dr-toledo-oh-43606/,0xA5fD99f142EbF4343974137a3200e5197bF0C81b,"December 22, 2021"
https://realt.co/product/10024-28-appoline-st-detroit-mi-48227/,0xB5D30c28F87acf675Ed5B9f343E5ffF39eC9942C,"January 27, 2020"
https://realt.co/product/15110-freeland-st-detroit-mi-48227/,0x60677266d8bedd6147e7070adfd8c681e2d88324,"September 10, 2023"
https://realt.co/product/18949-fenmore-st-detroit-mi-48235/,0x7389Ef988Fae6b3bcf520000c535E1E2D94C5427,"August 3, 2021"
